event_id,event_type,created_at,actor,url,repo,action,commit_sha,commit_message
51549824183,PushEvent,2025-07-01 10:24:43+00:00,CBenoit,https://api.github.com/users/CBenoit,Devolutions/IronRDP,N/A,6910a3ca36b93be65ed9918e07423300bdb59d1a,style: apply cargo +nightly fmt (#849)
51549824190,PushEvent,2025-07-01 10:24:43+00:00,jajimesa,https://api.github.com/users/jajimesa,jajimesa/AmpEmulatorPlugin,N/A,e9421cef23e158b1343a10625f675f554426b3e9,Delete LICENSE.txt
51549824186,PushEvent,2025-07-01 10:24:43+00:00,strozoid,https://api.github.com/users/strozoid,strozoid/Milf,N/A,6a8b95251d8bfb2df5ecd40825ed04e7bed3e0f7,Commit Milf
51549824200,CreateEvent,2025-07-01 10:24:43+00:00,Maha561,https://api.github.com/users/Maha561,Maha561/Project2_calc,N/A,N/A,N/A
51549824179,PullRequestEvent,2025-07-01 10:24:43+00:00,dependabot[bot],https://api.github.com/users/dependabot[bot],adebrouvier/ipem-cms,closed,N/A,N/A
51549824158,PushEvent,2025-07-01 10:24:43+00:00,github-actions[bot],https://api.github.com/users/github-actions[bot],ddr2108/statuspage,N/A,62231281bdc64416e35352532f177c7e89ae35e4,[Automated] Update Health Check Logs
51549824165,PushEvent,2025-07-01 10:24:43+00:00,rudivice,https://api.github.com/users/rudivice,smartmobilefactory/SMF-Fastlane-Commons,N/A,269ef612c2e8eb0bd861171fa42087dd71f78e64,"Update documentation URLs from smartmobilefactory to sosimple

- Update Atlassian URLs in README files
- Remove outdated AppCenter and Hockey documentation
- Remove deprecated Google Spreadsheets documentation"
51549824151,PushEvent,2025-07-01 10:24:43+00:00,github-actions[bot],https://api.github.com/users/github-actions[bot],marc-moreaux/silvaplana_winds,N/A,714a3adc18b6905c1427d39cce3eb8fec44429a3,Automated DB update
51549824163,PushEvent,2025-07-01 10:24:43+00:00,akanecco23,https://api.github.com/users/akanecco23,deeeepio-archive/users,N/A,8feff317cb87c0dc09cbcb17d9ed260ade8fc43e,Update users archive
51549824135,PushEvent,2025-07-01 10:24:43+00:00,github-actions[bot],https://api.github.com/users/github-actions[bot],go-i2p/go-i2p,N/A,4bbaf91628e65c331bee77f2fa90ab96e9b0d79b,Deploy site generated on d7888ac9be99ecae91feb4aaeead37215a28e307
51549824124,PushEvent,2025-07-01 10:24:43+00:00,RaydenLabs,https://api.github.com/users/RaydenLabs,RaydenLabs/genisys-data,N/A,9068c084b5c2f6f6d6725c130187ed9cc87c3b19,Aggiornamento automatico Genisys JSON
51549824147,PushEvent,2025-07-01 10:24:43+00:00,Nitro4CSR,https://api.github.com/users/Nitro4CSR,Nitro4CSR/CSR2-HUB,N/A,23ab2761ac15bdb5144519856596139691bfc34a,Update CarData.json
51549824125,PushEvent,2025-07-01 10:24:43+00:00,voanlaptrinh,https://api.github.com/users/voanlaptrinh,voanlaptrinh/lichamnews,N/A,904fb35f2e1f0803d4d3ecd90141b48d2cffbcce,nh
51549824104,PushEvent,2025-07-01 10:24:43+00:00,G0Y0I0A0T0H,https://api.github.com/users/G0Y0I0A0T0H,G0Y0I0A0T0H/GYIATH0,N/A,15351ed8f073275c7c9a1cf785059fbb7ab1c467,Update main.js
51549824094,PushEvent,2025-07-01 10:24:43+00:00,swa-runner-app[bot],https://api.github.com/users/swa-runner-app[bot],static-web-apps-testing-org/swa2149656291c34f419124fbc574434fd2,N/A,2df19ac42f1293e18687567c1cb7c83fbd7f85cc,Writing file Client/Pages/Counter.razor
51549824115,PushEvent,2025-07-01 10:24:43+00:00,github-actions[bot],https://api.github.com/users/github-actions[bot],PedroMunizdeMatos/PedroMunizdeMatos,N/A,7101777f8144775e6a65e660d09c5f63abf04b98,Deploy to GitHub pages
51549824146,PushEvent,2025-07-01 10:24:43+00:00,BanuPrakash,https://api.github.com/users/BanuPrakash,BanuPrakash/NCG_JS,N/A,373c31c0ebc2bb9198be3a4b58d2f3a1ce3b7119,ES 6
51549824106,PushEvent,2025-07-01 10:24:43+00:00,martinratinaud,https://api.github.com/users/martinratinaud,betagouv/france-chaleur-urbaine,N/A,5979222a549411460e2a9c0f6578c57d28ca8bd1,Ajoute des couleurs différentes pour les tests d'adresse
51549824112,PushEvent,2025-07-01 10:24:43+00:00,AlexMost,https://api.github.com/users/AlexMost,ttag-org/ttag,N/A,b3be9f7584dd263291ddabe792bf1801a2016b97,"Export types path (#287)

thanks, hope that will finaly fix the issue"
51549824098,PushEvent,2025-07-01 10:24:43+00:00,Ishaan-verm,https://api.github.com/users/Ishaan-verm,Ishaan-verm/finance-agent,N/A,38b31a4e146f295f30e1fba3764fc8df43378fb9,style: maintain status 1418
51549824098,PushEvent,2025-07-01 10:24:43+00:00,Ishaan-verm,https://api.github.com/users/Ishaan-verm,Ishaan-verm/finance-agent,N/A,a3a3e5bcbff7403ed4774e40b37fd47b50e047cc,fix: refresh data 6077
51549824073,PushEvent,2025-07-01 10:24:43+00:00,swa-runner-app[bot],https://api.github.com/users/swa-runner-app[bot],static-web-apps-testing-org/swac423d222499d4d489c3a69e4ebec11db,N/A,032da07c628b7f38c3a390ec4603dfd6b18bb9f6,Writing file e2e/tsconfig.json
51549824060,PushEvent,2025-07-01 10:24:43+00:00,Flox1k,https://api.github.com/users/Flox1k,Flox1k/InDev,N/A,888ae3fd2f7dc1555d98286a84d09862adfd78f9,Update and rename README_subgen.md to subgen_README.md
51549824096,PushEvent,2025-07-01 10:24:43+00:00,xxxxxthefox,https://api.github.com/users/xxxxxthefox,xxxxxthefox/My-library,N/A,679174a35d0c354e5c1637b3d55660641e80eeca,Add files via upload
51549824062,PushEvent,2025-07-01 10:24:43+00:00,IrisGuard,https://api.github.com/users/IrisGuard,IrisGuard/personalized-email-sender,N/A,2575fd1c984c5c90f7784867cd4166a7b61d6ab3,✅ TYPESCRIPT FIXES COMPLETE: All build errors resolved - EmailFormData interface added - StepContent simplified - EmailSender updated with proper interfaces - PRODUCTION READY!
51549824054,PushEvent,2025-07-01 10:24:43+00:00,andreiblt1304,https://api.github.com/users/andreiblt1304,multiversx/mx-sovereign-sc,N/A,317820bface4dc68741d8ef87645490dd8032cae,Fixes after review
51549824056,PushEvent,2025-07-01 10:24:43+00:00,github-actions[bot],https://api.github.com/users/github-actions[bot],DmRllJoao/DmRllJoao,N/A,6ec5e152484ab374152fcfb39df68ebe397f79cd,Deploy to GitHub pages
51549824107,PullRequestReviewCommentEvent,2025-07-01 10:24:42+00:00,amazon-inspector-preprod-fra[bot],https://api.github.com/users/amazon-inspector-preprod-fra[bot],QCADevPreprod/qdo-canary-pullrequestscan-preprod-eu-central-1,created,N/A,N/A
51549824069,CreateEvent,2025-07-01 10:24:43+00:00,github-actions[bot],https://api.github.com/users/github-actions[bot],canonical/katib-operators,N/A,N/A,N/A
51549824065,CreateEvent,2025-07-01 10:24:43+00:00,Maha561,https://api.github.com/users/Maha561,Maha561/Project2_calc,N/A,N/A,N/A
51549824034,PushEvent,2025-07-01 10:24:43+00:00,thilak0805,https://api.github.com/users/thilak0805,thilak0805/JavaAdvanced,N/A,c25abdf38d6acd7d38189bbe18f52621e0a3e9c7,limitations of var
